,MAGLIE,CAMICIE,GONNE,PANTALONI,VESTITI,GIACCHE
2016-04-14,17,32,0,17,21,15
2016-04-15,12,34,4,16,17,14
2016-04-16,36,44,3,28,40,27
2016-04-17,47,42,0,21,37,31
2016-04-18,13,17,3,9,17,11
2016-04-19,15,24,4,13,8,8
2016-04-20,12,20,0,8,11,9
2016-04-21,18,22,1,12,17,15
2016-04-22,26,28,3,20,19,22
2016-04-23,45,53,6,33,30,31
2016-04-24,38,54,2,20,33,28
2016-04-25,48,65,4,40,32,30
2016-04-26,20,17,5,19,10,9
2016-04-27,18,20,0,14,13,12
2016-04-28,15,19,1,8,17,13
2016-04-29,24,29,1,20,20,12
2016-04-30,30,47,4,32,27,20
2016-05-01,41,42,8,29,54,23
2016-05-02,17,36,8,13,19,15
2016-05-03,15,17,0,10,12,10
2016-05-04,21,9,1,12,27,5
2016-05-05,31,27,1,18,35,17
2016-05-06,31,33,4,23,23,18
2016-05-07,47,44,7,28,46,11
2016-05-08,37,46,2,33,44,20
2016-05-09,3,26,2,19,16,12
2016-05-10,7,18,1,11,6,6
2016-05-11,14,12,1,10,15,13
2016-05-12,33,20,1,20,23,19
2016-05-13,13,16,5,14,24,17
2016-05-14,31,42,6,27,36,23
2016-05-15,48,45,3,43,44,24
2016-05-16,26,13,2,18,35,13
2016-05-17,18,13,2,17,11,4
2016-05-18,20,20,1,20,24,19
2016-05-19,12,41,9,16,20,19
2016-05-20,42,40,9,32,11,14
2016-05-21,28,38,4,45,38,13
2016-05-22,39,46,5,38,34,23
2016-05-23,11,29,3,16,13,9
2016-05-24,10,16,3,19,19,9
2016-05-25,13,22,6,19,28,13
2016-05-26,37,42,16,34,21,13
2016-05-27,25,30,9,20,27,12
2016-05-28,40,47,9,21,34,14
2016-05-29,58,68,14,57,45,16
2016-05-30,19,32,7,21,12,5
2016-05-31,7,28,7,19,14,10
2016-06-01,10,22,5,8,22,8
2016-06-02,58,67,7,44,42,10
2016-06-03,48,60,12,44,38,13
2016-06-04,33,42,6,25,35,6
2016-06-05,20,43,6,22,21,7
2016-06-06,15,16,5,21,13,2
2016-06-07,17,17,1,6,17,6
2016-06-08,12,24,3,32,17,8
2016-06-09,8,15,2,19,19,10
2016-06-10,15,29,4,30,17,3
2016-06-11,30,55,7,54,40,10
2016-06-12,36,56,10,63,33,7
2016-06-13,16,22,3,15,20,2
2016-06-14,10,14,0,13,11,4
2016-06-15,16,22,3,20,13,3
2016-06-16,18,11,4,15,13,7
2016-06-17,4,22,2,11,16,7
2016-06-18,41,35,7,27,37,10
2016-06-19,28,40,6,35,41,7
2016-06-20,8,22,3,18,19,2
2016-06-21,10,18,4,16,23,2
2016-06-22,14,14,5,16,16,0
2016-06-23,7,18,5,16,20,2
2016-06-24,0,2,0,0,0,0
2016-06-25,1,1,3,5,1,0
2016-06-26,1,0,0,1,0,0
2016-06-27,0,1,0,0,0,0
2016-06-28,1,3,1,1,1,0
2016-06-29,0,0,0,0,0,0
2016-06-30,0,0,0,0,0,0
2016-07-01,3,5,0,2,1,0
2016-07-02,6,7,0,3,12,2
2016-07-03,5,5,2,9,9,1
2016-07-04,4,7,0,3,7,0
2016-07-05,10,3,0,4,1,0
2016-07-06,7,5,0,6,3,0
2016-07-07,10,8,0,4,4,2
2016-07-08,7,2,0,3,5,0
2016-07-09,12,9,0,7,8,1
2016-07-10,19,9,0,7,8,0
2016-07-11,6,4,0,6,7,0
2016-07-12,9,3,0,3,6,1
2016-07-13,7,2,0,4,11,1
2016-07-14,10,7,0,12,9,2
2016-07-15,5,7,0,4,11,1
2016-07-16,11,12,1,12,16,6
2016-07-17,11,15,0,7,13,1
2016-07-18,4,11,1,6,5,1
2016-07-19,3,5,0,6,9,1
2016-07-20,7,5,0,9,9,0
2016-07-21,15,8,1,4,11,1
2016-07-22,10,8,0,4,13,3
2016-07-23,17,15,0,9,25,6
2016-07-24,9,13,1,5,18,4
2016-07-25,5,4,1,1,8,0
2016-07-26,9,1,0,2,9,0
2016-07-27,3,7,0,4,9,6
2016-07-28,6,8,1,7,11,6
2016-07-29,1,7,0,4,4,0
2016-07-30,12,12,1,12,15,6
2016-07-31,15,16,0,9,20,10
2016-08-01,11,4,2,13,12,2
2016-08-02,7,11,0,7,6,0
2016-08-03,10,5,0,5,13,4
2016-08-04,12,10,0,7,18,5
2016-08-05,16,6,0,8,8,2
2016-08-06,14,13,0,15,14,5
2016-08-07,4,13,0,7,15,6
2016-08-08,11,14,1,7,14,0
2016-08-09,11,9,0,9,18,4
2016-08-10,5,10,1,8,12,0
2016-08-11,11,14,0,7,12,8
2016-08-12,8,11,1,7,6,6
2016-08-13,11,8,1,5,12,3
2016-08-14,20,10,2,16,11,2
2016-08-15,3,7,2,5,11,3
2016-08-16,10,16,3,17,14,3
2016-08-17,12,16,0,6,14,7
2016-08-18,18,15,2,8,22,16
2016-08-19,16,9,1,12,17,7
2016-08-20,17,20,1,8,15,8
2016-08-21,13,13,1,7,23,7
2016-08-22,9,11,2,1,16,5
2016-08-23,21,13,2,15,18,2
2016-08-24,12,19,1,9,13,4
2016-08-25,10,18,0,14,17,5
2016-08-26,18,10,1,15,20,7
2016-08-27,19,16,3,13,20,7
2016-08-28,19,24,2,16,25,13
2016-08-29,11,11,1,6,9,4
2016-08-30,15,12,1,8,14,4
2016-08-31,6,10,1,8,8,2
2016-09-01,8,11,0,7,11,4
2016-09-02,6,12,0,8,7,3
2016-09-03,24,24,2,13,20,8
2016-09-04,15,16,0,10,17,13
2016-09-05,9,11,1,9,11,3
2016-09-06,7,6,0,5,8,4
2016-09-07,6,7,0,4,15,5
2016-09-08,7,11,1,10,11,8
2016-09-09,5,10,2,7,15,9
2016-09-10,28,38,4,24,38,9
2016-09-11,14,15,5,16,6,18
2016-09-12,1,5,0,2,6,1
2016-09-13,3,3,1,4,5,7
2016-09-14,11,11,0,12,10,12
2016-09-15,17,13,1,12,8,11
2016-09-16,16,10,1,3,15,9
2016-09-17,31,28,2,31,20,25
2016-09-18,46,30,3,33,18,23
2016-09-19,14,9,1,10,8,11
2016-09-20,10,6,1,7,10,11
2016-09-21,18,15,2,19,10,9
2016-09-22,13,5,0,7,11,12
2016-09-23,11,8,4,6,13,19
2016-09-24,34,21,5,24,22,19
2016-09-25,19,16,1,18,22,23
2016-09-26,9,11,0,7,10,8
2016-09-27,14,5,1,14,7,4
2016-09-28,9,15,4,9,9,7
2016-09-29,9,12,0,14,6,8
2016-09-30,16,16,0,9,11,12
2016-10-01,39,36,10,20,39,33
2016-10-02,35,36,7,28,35,30
2016-10-03,11,6,7,5,10,14
2016-10-04,7,8,3,17,12,9
2016-10-05,14,1,2,13,9,9
2016-10-06,16,9,3,14,7,11
2016-10-07,21,10,0,9,8,9
2016-10-08,45,22,12,34,21,18
2016-10-09,42,16,8,25,27,27
2016-10-10,18,12,2,12,6,10
2016-10-11,8,2,2,3,8,10
2016-10-12,15,7,0,15,7,11
2016-10-13,14,2,0,14,6,9
2016-10-14,32,5,1,9,11,8
2016-10-15,53,13,2,38,27,39
2016-10-16,65,18,5,37,25,28
2016-10-17,9,3,1,4,6,13
2016-10-18,24,6,1,6,8,24
2016-10-19,32,5,1,15,10,11
2016-10-20,26,10,0,10,13,10
2016-10-21,36,10,8,23,19,10
2016-10-22,52,13,0,25,20,28
2016-10-23,68,18,3,30,31,21
2016-10-24,28,6,2,6,7,12
2016-10-25,11,6,1,9,11,10
2016-10-26,14,4,1,11,8,7
2016-10-27,24,2,3,7,10,11
2016-10-28,29,8,6,15,21,14
2016-10-29,43,7,3,16,28,14
2016-10-30,69,10,6,26,33,17
2016-10-31,67,13,4,24,35,44
2016-11-01,46,16,7,16,31,18
2016-11-02,19,4,3,8,16,13
2016-11-03,27,10,1,17,16,14
2016-11-04,21,3,3,3,5,9
2016-11-05,49,16,5,26,30,21
2016-11-06,71,16,8,23,31,22
2016-11-07,12,3,1,2,17,9
2016-11-08,15,5,2,5,7,5
2016-11-09,13,5,0,6,5,8
2016-11-10,29,1,3,8,2,2
2016-11-11,30,3,4,16,9,14
2016-11-12,59,10,3,19,13,17
2016-11-13,56,1,6,13,29,26
2016-11-14,25,1,1,2,4,9
2016-11-15,23,7,1,5,8,6
2016-11-16,31,6,0,13,15,10
2016-11-17,18,0,0,7,13,12
2016-11-18,24,1,1,9,8,10
2016-11-19,49,7,7,13,25,21
2016-11-20,41,5,3,15,23,20
2016-11-21,18,9,2,3,13,9
2016-11-22,14,1,1,4,4,8
2016-11-23,18,1,0,8,12,11
2016-11-24,21,1,1,6,9,9
2016-11-25,70,14,4,18,48,22
2016-11-26,86,9,8,26,40,29
2016-11-27,69,10,5,25,44,26
2016-11-28,14,4,2,3,5,8
2016-11-29,30,2,0,8,12,14
2016-11-30,31,3,2,6,10,6
2016-12-01,15,3,0,5,11,4
2016-12-02,30,6,1,6,10,14
2016-12-03,39,13,2,11,31,24
2016-12-04,54,7,0,16,20,11
2016-12-05,18,0,1,7,17,7
2016-12-06,20,1,1,6,4,4
2016-12-07,47,11,7,14,20,12
2016-12-08,61,9,4,14,37,22
2016-12-09,73,17,7,25,30,16
2016-12-10,27,13,5,5,20,8
2016-12-11,49,16,3,8,19,19
2016-12-12,42,9,4,10,14,6
2016-12-13,31,4,1,7,8,7
2016-12-14,38,6,1,9,14,12
2016-12-15,28,3,1,8,14,9
2016-12-16,37,13,2,9,19,8
2016-12-17,61,14,1,6,27,19
2016-12-18,65,9,2,14,21,19
2016-12-19,22,1,1,3,17,9
2016-12-20,39,4,0,7,16,6
2016-12-21,45,17,1,5,18,12
2016-12-22,27,3,3,3,15,6
2016-12-23,32,5,3,7,11,9
2016-12-24,21,1,0,1,15,6
2016-12-25,0,0,0,0,0,0
2016-12-26,0,0,0,0,0,0
2016-12-27,33,9,6,4,19,14
2016-12-28,32,10,3,8,26,10
2016-12-29,6,0,1,1,2,0
2016-12-30,5,1,0,0,1,2
2016-12-31,0,0,0,2,1,0
2017-01-01,0,0,0,0,0,0
2017-01-02,3,1,1,2,0,3
2017-01-03,0,2,0,0,2,0
2017-01-04,5,1,0,1,1,2
2017-01-05,3,0,1,0,1,0
2017-01-06,4,1,0,1,0,1
2017-01-07,13,0,0,0,1,0
2017-01-08,4,1,2,1,0,0
2017-01-09,2,0,1,0,1,1
2017-01-10,1,0,0,1,0,1
2017-01-11,5,0,0,0,1,0
2017-01-12,3,1,0,2,1,0
2017-01-13,4,0,1,0,2,0
2017-01-14,4,2,2,3,1,0
2017-01-15,7,0,1,4,1,0
2017-01-16,2,3,0,4,0,1
2017-01-17,4,0,1,2,2,0
2017-01-18,1,0,1,3,1,0
2017-01-19,1,1,0,1,0,3
2017-01-20,4,0,0,2,3,0
2017-01-21,3,2,1,3,2,1
2017-01-22,4,2,1,4,4,0
2017-01-23,2,2,0,0,2,1
2017-01-24,1,1,0,2,1,2
2017-01-25,5,1,0,1,0,2
2017-01-26,1,0,0,1,3,1
2017-01-27,4,3,2,4,1,1
2017-01-28,8,1,0,5,3,1
2017-01-29,7,3,1,4,0,1
2017-01-30,5,3,0,4,3,1
2017-01-31,3,4,1,2,1,0
2017-02-01,4,3,0,5,2,1
2017-02-02,3,1,0,4,0,0
2017-02-03,3,3,0,5,5,1
2017-02-04,12,8,0,5,3,3
2017-02-05,13,4,0,4,5,1
2017-02-06,8,2,0,2,3,0
2017-02-07,2,0,0,4,0,1
2017-02-08,6,6,1,5,1,4
2017-02-09,3,9,2,9,2,6
2017-02-10,2,7,0,3,3,3
2017-02-11,13,19,1,14,15,12
2017-02-12,18,5,5,7,6,7
2017-02-13,3,2,1,2,2,2
2017-02-14,3,5,1,2,1,3
2017-02-15,9,4,4,2,1,0
2017-02-16,3,7,0,9,0,2
2017-02-17,7,9,3,3,6,3
2017-02-18,12,18,1,4,2,4
2017-02-19,7,14,2,15,8,6
2017-02-20,10,7,1,4,2,8
2017-02-21,4,3,1,4,1,0
2017-02-22,11,7,1,7,7,6
2017-02-23,10,5,2,4,7,5
2017-02-24,8,18,0,6,2,2
2017-02-25,21,27,1,20,13,21
2017-02-26,13,14,1,11,7,19
2017-02-27,8,6,2,3,3,6
2017-02-28,8,8,1,6,3,5
2017-03-01,13,8,2,9,5,7
2017-03-02,13,8,1,9,5,10
2017-03-03,14,17,6,15,7,13
2017-03-04,21,27,3,17,19,20
2017-03-05,25,26,5,20,12,20
2017-03-06,10,4,1,2,6,4
2017-03-07,9,8,0,8,5,8
2017-03-08,6,8,1,7,5,9
2017-03-09,5,4,2,2,1,12
2017-03-10,9,14,1,6,3,5
2017-03-11,23,22,4,23,21,21
2017-03-12,18,15,4,17,18,14
2017-03-13,9,7,2,10,3,5
2017-03-14,9,6,1,4,5,9
2017-03-15,16,6,1,8,12,7
2017-03-16,8,7,1,6,6,4
2017-03-17,26,25,6,17,13,19
2017-03-18,27,31,5,21,25,25
2017-03-19,31,29,2,15,16,31
2017-03-20,7,11,1,12,9,10
2017-03-21,16,22,2,12,7,12
2017-03-22,11,8,1,8,2,15
2017-03-23,8,7,0,10,6,15
2017-03-24,17,15,0,17,9,10
2017-03-25,42,22,2,37,8,21
2017-03-26,20,26,3,22,11,12
2017-03-27,9,10,1,6,5,7
2017-03-28,7,14,4,14,1,5
2017-03-29,11,2,0,6,7,7
2017-03-30,15,5,0,4,5,9
2017-03-31,9,16,1,18,7,6
2017-04-01,42,32,3,23,26,22
2017-04-02,35,41,8,22,39,26
2017-04-03,19,10,1,16,7,9
2017-04-04,19,6,3,6,8,4
2017-04-05,10,16,2,11,14,7
2017-04-06,10,14,4,9,9,7
2017-04-07,10,13,1,7,10,11
2017-04-08,23,32,7,18,20,19
2017-04-09,36,32,6,17,33,35
2017-04-10,27,17,0,13,11,15
2017-04-11,9,6,0,7,11,9
2017-04-12,15,24,2,20,4,12
2017-04-13,16,18,2,18,13,7
2017-04-14,27,26,3,16,21,17
2017-04-15,21,33,1,22,26,16
2017-04-16,0,0,0,0,0,0
2017-04-17,30,36,13,20,21,18
2017-04-18,16,18,1,16,29,13
2017-04-19,13,13,1,12,12,11
2017-04-20,12,9,0,16,7,8
2017-04-21,6,14,2,11,13,8
2017-04-22,21,34,3,24,23,18
2017-04-23,27,23,3,14,22,11
2017-04-24,29,47,1,38,28,27
2017-04-25,36,54,2,44,32,32
2017-04-26,12,18,0,14,10,7
2017-04-27,7,16,0,5,5,5
2017-04-28,20,16,0,9,16,11
2017-04-29,19,32,3,26,27,16
2017-04-30,42,43,3,35,20,15
2017-05-01,35,54,7,23,30,16
2017-05-02,10,12,0,5,1,4
2017-05-03,12,13,2,15,8,6
2017-05-04,14,9,1,4,12,7
2017-05-05,27,28,2,21,8,8
2017-05-06,40,31,6,20,29,19
2017-05-07,40,52,3,39,43,25
2017-05-08,17,19,2,15,11,5
2017-05-09,10,15,0,16,18,11
2017-05-10,19,14,0,10,21,5
2017-05-11,4,12,0,17,8,7
2017-05-12,23,32,0,26,20,12
2017-05-13,32,50,1,24,22,8
2017-05-14,32,36,4,23,25,13
2017-05-15,9,14,0,14,10,7
2017-05-16,11,18,1,28,7,12
2017-05-17,21,20,2,16,17,1
2017-05-18,18,13,1,15,11,4
2017-05-19,21,25,1,30,23,10
2017-05-20,41,41,1,33,35,8
2017-05-21,28,36,5,29,22,12
2017-05-22,12,24,0,19,7,6
2017-05-23,13,26,2,16,7,3
2017-05-24,18,24,3,25,15,4
2017-05-25,12,26,2,19,20,4
2017-05-26,27,25,5,39,24,3
2017-05-27,23,40,4,34,34,10
2017-05-28,28,25,1,53,32,2
2017-05-29,12,17,3,23,11,1
2017-05-30,21,11,4,12,15,0
2017-05-31,13,24,4,19,20,2
2017-06-01,24,25,4,36,18,2
2017-06-02,43,56,6,68,42,7
2017-06-03,31,52,9,74,37,5
2017-06-04,38,43,7,37,49,6
2017-06-05,25,36,7,35,24,12
2017-06-06,4,14,1,16,8,3
2017-06-07,13,19,4,18,16,0
2017-06-08,14,29,3,30,12,2
2017-06-09,12,19,9,22,15,0
2017-06-10,28,31,7,44,30,3
2017-06-11,13,35,7,43,19,5
2017-06-12,8,23,3,34,16,0
2017-06-13,7,17,1,16,13,4
2017-06-14,21,17,2,26,8,2
2017-06-15,6,19,4,21,20,0
2017-06-16,23,25,4,20,14,2
2017-06-17,36,34,6,47,23,4
2017-06-18,29,49,6,36,30,1
2017-06-19,6,18,4,13,19,0
2017-06-20,5,9,1,16,9,0
2017-06-21,13,22,1,18,7,1
2017-06-22,2,18,0,18,10,0
2017-06-23,2,3,0,2,2,0
2017-06-24,0,4,0,1,0,0
2017-06-25,1,4,0,2,1,0
2017-06-26,0,0,0,0,0,0
2017-06-27,0,2,0,1,0,0
2017-06-28,0,1,0,2,0,0
2017-06-29,1,0,0,2,1,0
2017-06-30,0,0,0,0,0,0
2017-07-01,5,27,0,17,19,0
2017-07-02,12,12,0,7,6,1
2017-07-03,7,11,0,3,10,0
2017-07-04,8,17,0,10,12,1
2017-07-05,7,17,0,7,3,0
2017-07-06,8,16,0,11,11,1
2017-07-07,2,7,0,4,11,0
2017-07-08,10,16,0,9,17,0
2017-07-09,5,31,0,26,19,1
2017-07-10,9,9,0,15,8,0
2017-07-11,6,10,0,5,12,2
2017-07-12,13,13,0,7,19,1
2017-07-13,9,14,0,17,16,1
2017-07-14,8,8,0,7,14,0
2017-07-15,9,15,0,16,18,1
2017-07-16,10,19,0,26,33,2
2017-07-17,13,17,0,10,13,0
2017-07-18,7,15,0,11,15,0
2017-07-19,5,9,0,11,19,3
2017-07-20,8,15,0,6,11,0
2017-07-21,3,13,0,10,11,0
2017-07-22,9,27,0,15,27,2
2017-07-23,7,17,0,24,24,1
2017-07-24,13,15,0,12,13,5
2017-07-25,7,10,0,6,11,2
2017-07-26,4,20,0,6,26,4
2017-07-27,9,19,0,12,13,2
2017-07-28,5,15,0,6,21,1
2017-07-29,16,19,0,14,36,2
2017-07-30,16,38,0,18,42,2
2017-07-31,3,16,0,8,23,1
2017-08-01,6,19,0,8,19,2
2017-08-02,7,14,0,5,18,0
2017-08-03,5,10,0,13,22,0
2017-08-04,5,12,0,6,18,0
2017-08-05,10,30,0,19,36,7
2017-08-06,12,28,0,18,34,2
2017-08-07,4,18,0,13,14,2
2017-08-08,11,19,0,18,16,4
2017-08-09,10,24,0,11,24,1
2017-08-10,9,20,0,11,17,1
2017-08-11,14,26,0,15,22,1
2017-08-12,12,27,0,11,11,1
2017-08-13,5,13,0,8,14,2
2017-08-14,19,18,0,16,17,3
2017-08-15,4,7,0,3,2,0
2017-08-16,13,21,0,8,14,2
2017-08-17,7,13,1,10,14,2
2017-08-18,9,15,0,15,19,1
2017-08-19,11,25,0,19,12,5
2017-08-20,6,18,0,8,15,5
2017-08-21,11,19,0,10,6,2
2017-08-22,10,18,2,14,20,4
2017-08-23,10,14,0,2,11,4
2017-08-24,8,9,0,5,11,4
2017-08-25,9,5,0,6,13,4
2017-08-26,8,21,1,9,16,2
2017-08-27,16,17,0,17,23,4
2017-08-28,12,9,0,8,10,3
2017-08-29,8,12,1,9,11,2
2017-08-30,11,10,1,21,22,15
2017-08-31,10,17,5,5,20,2
2017-09-01,20,26,0,16,15,4
2017-09-02,43,30,1,18,29,13
2017-09-03,23,31,1,29,24,10
2017-09-04,11,13,1,9,15,5
2017-09-05,12,3,0,3,10,7
2017-09-06,17,13,0,13,21,8
2017-09-07,10,13,1,13,15,8
2017-09-08,17,9,0,7,11,8
2017-09-09,47,47,1,40,28,24
2017-09-10,38,43,2,35,26,31
2017-09-11,18,24,2,13,7,5
2017-09-12,25,14,0,12,17,6
2017-09-13,27,11,0,17,6,13
2017-09-14,17,21,4,15,13,16
2017-09-15,21,11,1,16,17,15
2017-09-16,45,44,6,49,29,31
2017-09-17,50,33,4,57,20,29
2017-09-18,19,12,3,15,11,10
2017-09-19,6,10,0,8,15,10
2017-09-20,13,16,1,14,14,10
2017-09-21,4,14,0,9,16,9
2017-09-22,12,10,0,16,13,12
2017-09-23,27,33,1,37,34,29
2017-09-24,43,37,5,37,49,35
2017-09-25,16,7,2,25,8,10
2017-09-26,15,8,1,13,13,8
2017-09-27,14,8,1,10,16,9
2017-09-28,10,5,1,6,18,1
2017-09-29,15,8,2,9,25,14
2017-09-30,39,18,4,26,70,27
2017-10-01,38,17,2,35,35,37
2017-10-02,13,12,3,10,10,10
2017-10-03,15,7,2,9,10,8
2017-10-04,8,9,2,6,12,7
2017-10-05,19,5,2,6,27,14
2017-10-06,12,9,2,14,18,10
2017-10-07,54,19,4,36,25,25
2017-10-08,40,17,6,27,30,22
2017-10-09,20,6,2,15,17,9
2017-10-10,18,6,4,8,10,10
2017-10-11,21,7,3,16,9,12
2017-10-12,31,12,2,14,16,8
2017-10-13,31,7,7,26,26,15
2017-10-14,38,20,8,30,58,24
2017-10-15,50,21,8,33,34,26
2017-10-16,15,6,2,12,16,6
2017-10-17,16,8,1,12,5,10
2017-10-18,17,2,4,10,4,9
2017-10-19,10,12,2,11,5,7
2017-10-20,33,6,6,13,27,16
2017-10-21,66,12,3,27,36,33
2017-10-22,60,18,5,28,34,23
2017-10-23,19,5,1,16,28,9
2017-10-24,17,5,0,8,17,12
2017-10-25,28,12,0,12,16,2
2017-10-26,16,8,3,10,21,7
2017-10-27,24,12,3,13,19,10
2017-10-28,48,17,6,29,55,20
2017-10-29,59,18,6,33,71,40
2017-10-30,18,10,2,12,27,13
2017-10-31,28,5,4,5,27,12
2017-11-01,53,7,3,26,59,33
2017-11-02,32,7,3,15,30,10
2017-11-03,25,10,6,15,42,18
2017-11-04,52,19,5,16,64,28
2017-11-05,47,13,5,21,52,17
2017-11-06,12,3,3,11,9,12
2017-11-07,18,8,0,12,21,8
2017-11-08,19,5,0,4,14,11
2017-11-09,21,1,0,5,14,7
2017-11-10,27,5,2,9,23,14
2017-11-11,44,10,4,23,53,16
2017-11-12,39,9,4,18,45,21
2017-11-13,15,5,0,7,19,11
2017-11-14,14,3,1,5,15,9
2017-11-15,22,4,0,7,27,14
2017-11-16,21,3,0,10,22,13
2017-11-17,19,6,1,10,21,16
2017-11-18,37,14,2,22,40,5
2017-11-19,49,10,4,16,39,9
2017-11-20,11,4,0,10,8,7
2017-11-21,16,4,1,5,14,18
2017-11-22,30,4,3,8,25,8
2017-11-23,17,6,4,6,21,8
2017-11-24,215,30,7,50,130,75
2017-11-25,131,29,9,39,117,69
2017-11-26,110,19,4,23,83,60
2017-11-27,47,11,1,14,30,31
2017-11-28,7,3,0,3,15,9
2017-11-29,15,5,1,7,22,17
2017-11-30,28,2,1,4,18,7
2017-12-01,20,1,1,10,13,13
2017-12-02,43,5,2,13,49,33
2017-12-03,37,5,3,17,41,44
2017-12-04,23,3,6,4,23,17
2017-12-05,24,5,0,5,19,7
2017-12-06,23,2,2,13,22,12
2017-12-07,49,5,1,2,32,18
2017-12-08,69,7,4,9,53,25
2017-12-09,64,12,3,15,40,36
2017-12-10,43,9,1,10,38,26
2017-12-11,28,4,0,0,13,15
2017-12-12,39,4,5,4,19,13
2017-12-13,44,4,0,4,32,12
2017-12-14,34,3,1,9,16,22
2017-12-15,34,3,1,5,34,16
2017-12-16,88,12,3,8,64,28
2017-12-17,61,11,2,11,52,23
2017-12-18,34,2,2,2,41,18
2017-12-19,41,2,0,4,48,14
2017-12-20,32,4,1,3,29,13
2017-12-21,31,3,0,7,38,17
2017-12-22,27,3,2,8,30,9
2017-12-23,48,6,1,4,36,11
2017-12-24,24,4,1,2,25,10
2017-12-25,0,0,0,0,0,0
2017-12-26,0,0,0,0,0,0
2017-12-27,30,2,0,4,34,9
2017-12-28,23,13,0,3,34,18
2017-12-29,30,5,0,7,45,13
2017-12-30,45,9,0,9,53,17
2017-12-31,22,4,0,4,11,8
2018-01-01,0,0,0,0,0,0
2018-01-02,24,2,1,2,9,1
2018-01-03,22,1,0,5,3,0
2018-01-04,16,2,0,0,9,1
2018-01-05,21,0,3,6,14,2
2018-01-06,22,3,0,9,15,5
2018-01-07,23,1,0,2,17,4
2018-01-08,15,0,0,0,3,1
2018-01-09,10,1,1,0,4,0
2018-01-10,12,2,0,5,2,0
2018-01-11,12,1,0,6,3,1
2018-01-12,9,3,1,1,5,0
2018-01-13,24,4,2,5,17,6
2018-01-14,26,2,0,7,10,1
2018-01-15,5,2,0,3,3,2
2018-01-16,7,4,0,1,3,1
2018-01-17,7,3,1,2,9,0
2018-01-18,13,3,0,5,6,3
2018-01-19,7,0,0,1,4,1
2018-01-20,7,7,0,7,9,5
2018-01-21,17,4,0,6,12,2
2018-01-22,7,4,0,1,2,1
2018-01-23,4,0,0,1,1,0
2018-01-24,3,1,0,2,3,2
2018-01-25,6,0,0,1,2,1
2018-01-26,8,2,0,1,4,2
2018-01-27,22,4,0,4,9,2
2018-01-28,12,2,2,4,7,4
2018-01-29,7,3,0,3,3,1
2018-01-30,10,2,0,2,2,2
2018-01-31,11,1,0,3,6,1
2018-02-01,9,5,2,2,1,1
2018-02-02,2,5,0,3,5,3
2018-02-03,36,14,1,8,17,5
2018-02-04,25,4,0,11,11,5
2018-02-05,8,5,1,4,2,2
2018-02-06,9,1,1,3,9,1
2018-02-07,5,9,1,2,5,1
2018-02-08,5,4,1,1,6,2
2018-02-09,21,6,0,7,8,1
2018-02-10,25,19,1,14,20,7
2018-02-11,28,8,1,12,24,8
2018-02-12,12,10,1,10,8,7
2018-02-13,22,4,0,7,7,2
2018-02-14,12,7,0,10,6,5
2018-02-15,13,8,0,3,8,3
2018-02-16,21,6,1,3,11,1
2018-02-17,20,5,0,8,14,5
2018-02-18,31,5,2,9,12,4
2018-02-19,10,6,0,7,4,0
2018-02-20,10,4,1,3,2,2
2018-02-21,8,7,0,2,9,0
2018-02-22,3,6,0,8,7,3
2018-02-23,15,10,1,4,9,4
2018-02-24,35,30,2,24,31,6
2018-02-25,40,22,0,28,25,13
2018-02-26,11,9,0,4,3,3
2018-02-27,7,4,1,4,1,5
2018-02-28,14,13,0,14,11,5
2018-03-01,8,1,0,5,8,0
2018-03-02,5,3,0,7,10,3
2018-03-03,32,31,2,16,26,7
2018-03-04,35,33,1,19,38,16
2018-03-05,9,13,0,8,14,4
2018-03-06,12,5,3,6,12,6
2018-03-07,9,11,1,10,5,3
2018-03-08,8,12,1,7,17,7
2018-03-09,16,4,1,8,12,6
2018-03-10,30,41,1,30,47,24
2018-03-11,30,33,5,30,35,23
2018-03-12,12,3,1,8,16,7
2018-03-13,13,4,0,3,10,4
2018-03-14,11,11,1,4,20,7
2018-03-15,18,18,2,12,10,8
2018-03-16,7,19,2,7,20,9
2018-03-17,47,40,4,36,43,33
2018-03-18,55,41,0,27,41,23
2018-03-19,30,15,1,18,25,22
2018-03-20,7,6,0,6,12,3
2018-03-21,15,7,0,11,15,13
2018-03-22,11,10,0,19,17,10
2018-03-23,17,22,1,12,17,19
2018-03-24,25,39,5,33,38,31
2018-03-25,34,38,0,37,39,32
2018-03-26,15,10,2,9,15,9
2018-03-27,17,12,2,13,24,10
2018-03-28,20,18,0,10,16,7
2018-03-29,24,24,1,28,25,15
2018-03-30,61,38,2,26,43,19
2018-03-31,47,61,3,30,47,30
2018-04-01,0,0,0,0,0,0
2018-04-02,38,42,2,35,36,24
2018-04-03,41,34,2,18,27,25
2018-04-04,6,25,1,16,21,15
2018-04-05,22,17,0,16,25,14
2018-04-06,19,11,0,20,23,15
2018-04-07,72,52,1,36,44,37
2018-04-08,47,45,1,32,45,36
2018-04-09,17,20,1,24,18,16
2018-04-10,10,11,0,12,16,12
2018-04-11,23,14,0,18,15,18
2018-04-12,27,16,0,14,15,6
2018-04-13,35,34,0,23,23,17
2018-04-14,49,50,1,33,42,23
2018-04-15,64,49,1,47,64,43
2018-04-16,26,21,0,16,25,15
2018-04-17,13,15,1,7,22,14
2018-04-18,15,20,0,11,30,14
2018-04-19,18,21,0,15,23,8
2018-04-20,33,32,0,18,21,8
2018-04-21,43,48,4,36,43,15
2018-04-22,34,52,0,27,47,20
2018-04-23,11,22,2,26,24,8
2018-04-24,17,22,0,18,30,9
2018-04-25,43,63,3,60,56,24
2018-04-26,24,32,1,28,38,9
2018-04-27,34,41,0,32,37,16
2018-04-28,49,62,1,47,63,25
2018-04-29,40,59,9,51,108,21
2018-04-30,51,58,2,48,87,20
2018-05-01,54,47,1,59,46,19
2018-05-02,17,22,0,12,16,4
2018-05-03,18,21,1,12,14,8
2018-05-04,16,22,3,19,38,6
2018-05-05,42,38,4,27,58,15
2018-05-06,27,35,1,25,66,18
2018-05-07,22,26,0,14,20,6
2018-05-08,11,21,0,17,25,8
2018-05-09,15,22,0,18,23,3
2018-05-10,23,44,3,44,52,12
2018-05-11,26,37,0,23,31,10
2018-05-12,40,81,1,43,68,22
2018-05-13,37,56,0,38,50,22
2018-05-14,18,25,0,15,29,7
2018-05-15,10,31,4,18,34,6
2018-05-16,9,25,4,17,19,6
2018-05-17,9,34,2,20,21,9
2018-05-18,15,26,0,13,20,6
2018-05-19,30,60,5,41,48,15
2018-05-20,29,60,8,54,52,7
2018-05-21,11,31,0,23,28,8
2018-05-22,16,21,1,17,23,10
2018-05-23,9,26,3,18,28,7
2018-05-24,12,19,0,14,23,6
2018-05-25,10,33,0,29,25,5
2018-05-26,17,46,1,38,54,9
2018-05-27,17,64,3,50,54,8
2018-05-28,6,18,0,16,25,2
2018-05-29,11,10,4,20,14,8
2018-05-30,4,32,4,29,27,2
2018-05-31,14,31,5,18,17,5
2018-06-01,13,35,8,32,28,2
2018-06-02,0,82,8,61,69,2
2018-06-03,0,72,5,57,58,5
2018-06-04,7,19,1,24,23,2
2018-06-05,13,21,3,30,23,1
2018-06-06,11,30,1,29,28,2
2018-06-07,7,33,6,17,18,2
2018-06-08,8,25,1,20,24,3
2018-06-09,25,64,8,57,71,5
2018-06-10,25,53,9,43,60,4
2018-06-11,16,24,2,28,41,2
2018-06-12,10,26,4,12,18,2
2018-06-13,12,26,0,30,28,1
2018-06-14,6,18,3,13,19,2
2018-06-15,7,33,7,24,22,3
2018-06-16,11,49,7,4,36,0
2018-06-17,13,50,3,11,44,0
2018-06-18,3,26,1,27,15,3
2018-06-19,8,20,4,14,16,1
2018-06-20,5,27,2,14,28,5
2018-06-21,8,21,2,8,17,4
2018-06-22,11,29,4,37,26,0
2018-06-23,10,54,7,39,31,4
2018-06-24,7,38,5,38,35,0
2018-06-25,2,14,9,16,22,0
2018-06-26,1,14,2,16,15,1
2018-06-27,2,15,2,11,23,2
2018-06-28,0,0,0,0,0,0
2018-06-29,0,0,0,0,0,0
2018-06-30,0,0,0,0,0,0
2018-07-01,12,14,2,10,20,0
2018-07-02,4,8,0,12,18,1
2018-07-03,4,9,0,11,5,0
2018-07-04,9,19,2,19,10,1
2018-07-05,6,14,0,12,14,0
2018-07-06,13,9,0,13,12,0
2018-07-07,21,21,1,18,26,0
2018-07-08,20,19,0,12,33,0
2018-07-09,17,21,0,15,14,1
2018-07-10,17,6,0,23,10,2
2018-07-11,14,16,0,20,16,1
2018-07-12,23,19,0,15,22,3
2018-07-13,13,5,0,19,17,0
2018-07-14,22,28,2,36,26,0
2018-07-15,28,14,0,33,29,1
2018-07-16,12,11,0,15,18,0
2018-07-17,5,12,0,15,14,1
2018-07-18,10,12,0,23,20,0
2018-07-19,11,6,1,18,17,1
2018-07-20,9,8,1,13,8,1
2018-07-21,21,24,2,35,35,4
2018-07-22,21,28,0,24,27,3
2018-07-23,5,5,1,15,17,0
2018-07-24,9,11,0,19,15,1
2018-07-25,9,8,0,31,12,1
2018-07-26,8,9,1,15,14,0
2018-07-27,3,7,0,12,12,0
2018-07-28,24,13,0,27,27,0
2018-07-29,17,29,2,42,31,0
2018-07-30,12,12,0,22,19,0
2018-07-31,8,9,1,12,14,2
2018-08-01,16,20,2,15,27,0
2018-08-02,13,13,1,12,32,1
2018-08-03,12,16,0,9,18,1
2018-08-04,21,25,0,24,50,1
2018-08-05,14,19,1,28,59,1
2018-08-06,25,18,0,22,43,2
2018-08-07,21,15,0,14,29,1
2018-08-08,12,11,0,21,44,2
2018-08-09,11,8,1,24,36,0
2018-08-10,8,10,0,11,26,0
2018-08-11,9,12,0,26,28,1
2018-08-12,14,12,1,22,54,2
2018-08-13,13,23,0,19,44,3
2018-08-14,12,14,0,18,20,2
2018-08-15,4,4,0,6,8,0
2018-08-16,14,7,0,14,35,1
2018-08-17,6,10,0,16,17,6
2018-08-18,23,15,0,27,32,3
2018-08-19,18,10,1,17,32,2
2018-08-20,12,10,0,8,25,2
2018-08-21,8,13,0,24,22,2
2018-08-22,12,22,2,23,24,2
2018-08-23,10,9,0,16,22,3
2018-08-24,9,10,0,12,36,2
2018-08-25,17,18,0,35,31,4
2018-08-26,12,14,0,15,31,1
2018-08-27,7,12,0,7,26,9
2018-08-28,10,13,0,24,44,5
2018-08-29,8,9,1,12,34,5
2018-08-30,8,20,0,28,26,4
2018-08-31,7,20,1,22,33,6
2018-09-01,44,52,6,54,41,19
2018-09-02,21,26,2,25,33,11
2018-09-03,9,12,0,13,15,7
2018-09-04,14,14,0,11,16,7
2018-09-05,7,10,0,13,32,7
2018-09-06,14,12,0,10,26,12
2018-09-07,17,25,0,18,42,5
2018-09-08,39,28,0,28,60,15
2018-09-09,30,29,0,27,67,9
2018-09-10,8,15,0,15,32,8
2018-09-11,10,9,0,19,18,6
2018-09-12,18,16,0,19,27,8
2018-09-13,12,11,0,15,22,3
2018-09-14,11,5,0,6,33,8
2018-09-15,17,36,0,30,58,15
2018-09-16,36,30,0,23,62,12
2018-09-17,8,9,0,14,16,6
2018-09-18,5,7,2,13,17,6
2018-09-19,11,13,1,7,21,9
2018-09-20,5,9,0,10,34,7
2018-09-21,19,20,0,15,20,7
2018-09-22,35,48,2,30,77,23
2018-09-23,40,32,2,30,68,21
2018-09-24,15,11,0,13,26,12
2018-09-25,11,14,0,10,15,3
2018-09-26,16,11,0,16,23,6
2018-09-27,18,18,1,20,20,7
2018-09-28,30,19,2,33,30,7
2018-09-29,47,33,0,39,50,30
2018-09-30,45,34,0,55,55,25
2018-10-01,15,14,0,16,31,10
2018-10-02,32,18,0,22,23,11
2018-10-03,15,13,2,29,21,8
2018-10-04,20,15,0,14,22,7
2018-10-05,29,22,1,25,26,12
2018-10-06,38,37,2,48,46,22
2018-10-07,56,44,3,58,52,26
2018-10-08,18,17,1,11,11,6
2018-10-09,30,17,0,9,17,5
2018-10-10,33,18,4,13,24,4
2018-10-11,30,22,3,16,42,12
2018-10-12,34,16,2,19,28,13
2018-10-13,43,29,5,48,63,12
2018-10-14,65,39,4,35,57,22
2018-10-15,26,19,3,20,17,8
2018-10-16,25,12,3,12,22,12
2018-10-17,15,20,4,14,10,11
2018-10-18,27,18,2,23,22,7
2018-10-19,18,12,4,17,36,12
2018-10-20,52,28,4,37,56,17
2018-10-21,59,34,11,36,60,30
2018-10-22,22,17,0,24,17,12
2018-10-23,24,14,4,14,14,5
2018-10-24,21,13,4,9,28,12
2018-10-25,11,14,2,13,16,9
2018-10-26,47,16,6,15,29,11
2018-10-27,96,34,13,27,66,17
2018-10-28,80,27,9,27,53,19
2018-10-29,27,11,3,8,14,7
2018-10-30,26,16,5,10,20,10
2018-10-31,28,4,5,10,11,6
2018-11-01,73,30,10,30,47,37
2018-11-02,100,38,12,43,77,23
2018-11-03,78,31,11,24,52,29
2018-11-04,69,21,9,10,60,23
2018-11-05,28,18,0,20,38,11
2018-11-06,24,8,5,14,23,13
2018-11-07,26,6,4,7,9,8
2018-11-08,24,5,1,14,17,6
2018-11-09,38,18,8,13,23,20
2018-11-10,78,22,5,42,0,29
2018-11-11,82,34,13,31,0,22
2018-11-12,43,4,7,15,16,15
2018-11-13,37,12,6,11,21,7
2018-11-14,25,7,4,9,16,13
2018-11-15,41,2,3,10,10,9
2018-11-16,66,6,6,12,26,11
2018-11-17,74,25,10,39,39,0
2018-11-18,80,21,7,28,36,0
2018-11-19,42,6,4,7,23,8
2018-11-20,62,8,8,22,21,4
2018-11-21,41,8,4,14,17,17
2018-11-22,0,0,0,0,0,0
2018-11-23,0,0,0,0,0,0
2018-11-24,0,0,0,0,0,0
2018-11-25,0,0,0,0,0,0
2018-11-26,0,0,0,0,0,0
2018-11-27,28,5,5,11,12,7
2018-11-28,18,5,3,4,15,8
2018-11-29,30,6,4,9,14,16
2018-11-30,54,10,4,14,15,8
2018-12-01,87,19,7,22,49,20
2018-12-02,111,11,4,19,54,24
2018-12-03,28,7,4,9,34,11
2018-12-04,23,7,3,8,17,8
2018-12-05,33,14,7,12,21,11
2018-12-06,46,6,5,5,24,13
2018-12-07,102,21,9,29,61,10
2018-12-08,81,18,7,16,66,19
2018-12-09,79,19,7,21,54,22
2018-12-10,52,19,8,10,42,15
2018-12-11,61,9,10,10,21,8
2018-12-12,47,15,3,6,33,8
2018-12-13,58,7,4,6,24,9
2018-12-14,68,9,9,12,28,11
2018-12-15,95,16,13,11,54,23
2018-12-16,107,26,4,23,60,26
2018-12-17,67,6,12,13,31,7
2018-12-18,64,6,1,13,27,10
2018-12-19,57,14,9,10,24,6
2018-12-20,74,4,8,7,13,8
2018-12-21,56,9,4,10,33,10
2018-12-22,73,8,10,19,31,20
2018-12-23,72,17,9,17,44,14
2018-12-24,23,4,3,7,19,4
2018-12-25,0,0,0,0,0,0
2018-12-26,0,0,0,0,0,0
2018-12-27,18,3,5,6,11,3
2018-12-28,3,8,5,4,0,1
2018-12-29,0,8,0,5,5,1
2018-12-30,2,8,2,6,10,1
2018-12-31,0,2,0,2,2,1
2019-01-01,0,0,0,0,0,0
2019-01-02,20,4,1,5,5,0
2019-01-03,18,4,1,8,6,3
2019-01-04,19,6,0,6,4,2
2019-01-05,30,7,3,11,16,0
2019-01-06,18,4,2,13,11,0
2019-01-07,10,3,3,3,7,0
2019-01-08,20,2,0,5,3,2
2019-01-09,12,0,0,5,5,1
2019-01-10,13,1,1,9,5,1
2019-01-11,10,1,1,8,14,2
2019-01-12,32,2,1,14,15,1
2019-01-13,34,0,1,3,29,4
2019-01-14,13,1,3,8,9,2
2019-01-15,10,2,1,8,4,1
2019-01-16,16,1,2,6,12,1
2019-01-17,8,0,0,4,11,2
2019-01-18,16,1,0,4,7,2
2019-01-19,28,0,4,11,24,1
2019-01-20,32,9,3,12,22,5
2019-01-21,6,3,1,2,6,0
2019-01-22,8,3,0,1,5,2
2019-01-23,10,2,1,9,6,2
2019-01-24,17,7,0,5,16,4
2019-01-25,17,3,1,5,14,5
2019-01-26,32,6,1,18,17,12
2019-01-27,33,16,5,14,13,5
2019-01-28,6,1,1,8,4,2
2019-01-29,4,4,0,3,3,2
2019-01-30,6,1,1,2,9,2
2019-01-31,1,2,2,7,5,3
2019-02-01,2,4,0,6,7,8
2019-02-02,20,14,1,10,25,7
2019-02-03,20,17,3,13,11,1
2019-02-04,6,5,0,1,6,4
2019-02-05,9,7,0,8,9,1
2019-02-06,6,3,3,13,26,1
2019-02-07,2,11,0,5,13,3
2019-02-08,10,11,1,8,10,2
2019-02-09,34,29,7,20,35,15
2019-02-10,28,28,6,27,45,16
2019-02-11,6,5,3,7,7,3
2019-02-12,5,11,2,9,11,6
2019-02-13,9,14,2,5,17,5
2019-02-14,6,11,0,6,17,3
2019-02-15,15,14,2,7,16,5
2019-02-16,26,24,2,26,32,10
2019-02-17,24,21,1,18,21,11
2019-02-18,12,12,0,13,9,4
2019-02-19,5,3,0,3,7,3
2019-02-20,3,5,0,5,12,7
2019-02-21,11,15,0,5,8,5
2019-02-22,2,9,1,7,13,4
2019-02-23,25,20,2,26,22,13
2019-02-24,17,20,5,11,30,12
2019-02-25,6,9,1,4,9,4
2019-02-26,10,10,0,12,12,2
2019-02-27,14,8,0,13,18,2
2019-02-28,4,15,0,20,19,8
2019-03-01,21,22,1,25,9,8
2019-03-02,33,34,1,38,35,20
2019-03-03,23,27,2,30,30,17
2019-03-04,18,20,3,14,18,10
2019-03-05,19,13,0,16,14,6
2019-03-06,16,14,0,12,17,11
2019-03-07,16,13,2,14,20,8
2019-03-08,39,32,1,29,17,22
2019-03-09,27,40,4,41,24,26
2019-03-10,34,38,2,48,19,27
2019-03-11,3,3,0,9,7,5
2019-03-12,10,16,0,11,5,5
2019-03-13,13,26,1,12,13,12
2019-03-14,14,17,2,11,8,14
2019-03-15,16,23,1,25,25,14
2019-03-16,30,25,3,19,34,15
2019-03-17,60,37,8,26,43,32
2019-03-18,16,21,2,15,18,15
2019-03-19,21,18,3,14,13,18
2019-03-20,9,21,0,13,12,10
2019-03-21,10,14,2,11,16,10
2019-03-22,16,20,3,14,32,14
2019-03-23,39,42,3,40,44,36
2019-03-24,46,51,0,22,48,24
2019-03-25,11,17,0,10,15,11
2019-03-26,18,26,2,15,14,8
2019-03-27,27,29,1,17,9,21
2019-03-28,16,29,3,21,28,21
2019-03-29,33,18,3,12,18,13
2019-03-30,55,49,2,49,46,37
2019-03-31,38,42,3,31,28,23
2019-04-01,21,11,2,11,20,12
2019-04-02,15,13,2,8,22,16
2019-04-03,13,33,0,22,22,21
2019-04-04,12,25,2,14,31,23
2019-04-05,36,27,0,28,23,22
2019-04-06,61,82,1,49,55,45
2019-04-07,38,54,1,33,57,33
2019-04-08,17,15,0,11,9,10
2019-04-09,9,15,3,22,10,12
2019-04-10,20,27,0,20,18,16
2019-04-11,15,24,0,11,24,9
2019-04-12,32,29,1,20,34,24
2019-04-13,62,88,5,42,42,40
2019-04-14,48,44,5,29,58,50
2019-04-15,29,38,3,28,21,26
2019-04-16,14,20,0,15,13,18
2019-04-17,29,23,0,22,28,16
2019-04-18,36,31,0,28,40,13
2019-04-19,59,42,1,35,39,22
2019-04-20,49,57,4,36,57,29
2019-04-21,0,0,0,0,0,0
2019-04-22,36,52,1,29,54,32
2019-04-23,33,67,0,41,64,23
2019-04-24,58,40,0,32,46,27
2019-04-25,76,76,1,51,68,37
2019-04-26,61,67,1,52,80,24
2019-04-27,50,44,0,41,52,23
2019-04-28,45,46,1,37,30,11
2019-04-29,22,17,0,16,28,11
2019-04-30,30,34,0,27,30,9
2019-05-01,38,44,0,33,53,23
2019-05-02,27,37,1,18,31,11
2019-05-03,29,37,0,28,22,10
2019-05-04,65,63,2,48,77,34
2019-05-05,83,73,0,47,72,23
2019-05-06,11,32,0,15,26,10
2019-05-07,30,16,0,14,24,9
2019-05-08,23,27,0,21,33,8
2019-05-09,16,25,2,9,25,4
2019-05-10,31,36,3,17,17,11
2019-05-11,82,83,2,54,59,25
2019-05-12,50,65,1,43,51,16
2019-05-13,26,21,0,20,27,8
2019-05-14,8,26,1,8,18,3
2019-05-15,16,28,1,21,27,4
2019-05-16,7,18,0,20,22,7
2019-05-17,29,34,1,31,25,5
2019-05-18,76,63,0,55,68,19
2019-05-19,60,55,2,55,52,18
2019-05-20,21,30,3,21,15,6
2019-05-21,28,16,0,20,16,2
2019-05-22,15,33,2,24,23,5
2019-05-23,25,13,0,16,13,5
2019-05-24,30,28,2,28,20,7
2019-05-25,48,51,4,70,52,17
2019-05-26,53,65,1,55,67,18
2019-05-27,28,22,1,21,23,6
2019-05-28,19,17,0,25,21,6
2019-05-29,22,24,2,27,28,8
2019-05-30,20,38,1,39,41,11
2019-05-31,45,36,3,51,43,7
2019-06-01,63,41,2,23,61,17
2019-06-02,34,34,1,12,53,3
2019-06-03,27,35,1,30,35,6
2019-06-04,22,28,3,38,26,4
2019-06-05,24,33,0,33,38,4
2019-06-06,21,40,2,28,25,4
2019-06-07,44,46,1,33,28,7
2019-06-08,52,71,0,98,57,5
2019-06-09,55,62,0,89,66,13
2019-06-10,31,41,1,45,36,6
2019-06-11,25,28,0,25,31,10
2019-06-12,35,29,2,41,31,4
2019-06-13,19,33,1,26,18,6
2019-06-14,22,29,2,32,29,4
2019-06-15,31,63,1,49,40,8
2019-06-16,25,57,2,51,27,5
2019-06-17,15,18,4,21,33,0
2019-06-18,15,13,1,22,23,1
2019-06-19,19,24,2,27,26,3
2019-06-20,20,21,3,23,23,1
2019-06-21,11,13,1,22,21,6
2019-06-22,39,46,5,49,54,5
2019-06-23,23,35,0,44,41,5
2019-06-24,11,17,1,22,27,2
2019-06-25,9,22,2,31,25,0
2019-06-26,11,17,3,22,29,2
2019-06-27,0,0,0,0,0,0
2019-06-28,0,0,0,0,0,0
2019-06-29,0,0,0,0,0,0
2019-06-30,0,0,0,0,0,0
2019-07-01,12,15,5,12,14,1
2019-07-02,11,8,1,13,9,0
2019-07-03,5,4,0,16,16,2
2019-07-04,5,11,0,14,9,0
2019-07-05,7,9,2,11,17,1
2019-07-06,19,23,2,23,36,3
2019-07-07,19,27,3,20,38,1
2019-07-08,10,21,3,14,20,0
2019-07-09,20,14,1,18,31,2
2019-07-10,20,23,0,18,22,4
2019-07-11,20,20,0,12,35,5
2019-07-12,17,25,0,19,42,1
2019-07-13,30,39,1,35,55,3
2019-07-14,29,46,2,32,38,2
2019-07-15,16,22,4,16,30,1
2019-07-16,10,14,10,12,20,0
2019-07-17,9,18,4,12,33,0
2019-07-18,14,23,3,14,41,5
2019-07-19,29,21,4,15,36,2
2019-07-20,22,26,2,25,62,2
2019-07-21,23,36,9,29,65,1
2019-07-22,8,13,3,8,30,0
2019-07-23,13,14,2,7,27,1
2019-07-24,9,23,2,9,22,2
2019-07-25,7,5,1,10,22,0
2019-07-26,9,17,6,13,26,4
2019-07-27,30,33,3,29,95,5
2019-07-28,26,42,1,27,85,4
2019-07-29,12,18,2,9,28,1
2019-07-30,12,10,2,8,29,2
2019-07-31,17,14,3,13,30,1
2019-08-01,12,19,3,11,37,4
2019-08-02,9,10,1,10,27,4
2019-08-03,30,31,3,21,46,4
2019-08-04,38,27,3,26,58,3
2019-08-05,17,26,2,20,31,2
2019-08-06,29,14,3,14,26,3
2019-08-07,19,19,2,22,29,2
2019-08-08,20,10,1,10,36,6
2019-08-09,19,21,1,14,44,8
2019-08-10,22,22,2,18,57,3
2019-08-11,17,19,1,28,42,7
2019-08-12,27,27,0,24,64,10
2019-08-13,22,29,2,30,31,4
2019-08-14,19,8,2,10,25,1
2019-08-15,7,10,2,10,30,5
2019-08-16,13,20,2,17,59,6
2019-08-17,7,17,2,10,36,6
2019-08-18,10,16,1,21,41,12
2019-08-19,9,10,1,19,33,5
2019-08-20,17,12,2,13,41,4
2019-08-21,18,14,4,19,32,9
2019-08-22,12,14,3,14,45,7
2019-08-23,8,22,2,9,38,6
2019-08-24,12,29,2,29,42,12
2019-08-25,3,11,1,7,36,3
2019-08-26,6,8,1,14,32,6
2019-08-27,11,18,2,11,26,14
2019-08-28,13,16,2,18,24,10
2019-08-29,13,16,0,25,39,13
2019-08-30,14,22,2,26,32,14
2019-08-31,26,29,5,27,54,17
2019-09-01,15,18,5,22,57,9
2019-09-02,8,21,1,13,24,8
2019-09-03,13,16,4,15,23,6
2019-09-04,8,23,2,20,27,10
2019-09-05,9,8,1,11,21,15
2019-09-06,19,22,3,23,24,17
2019-09-07,37,39,5,35,50,39
2019-09-08,42,31,6,34,53,26
2019-09-09,20,25,1,24,24,18
2019-09-10,16,20,2,22,21,22
2019-09-11,11,16,3,22,21,13
2019-09-12,20,16,1,17,34,14
2019-09-13,18,16,2,15,32,15
2019-09-14,33,36,1,39,59,37
2019-09-15,43,43,4,40,60,40
2019-09-16,15,22,1,26,32,14
2019-09-17,15,10,2,10,32,13
2019-09-18,8,12,4,5,19,8
2019-09-19,12,11,4,15,15,13
2019-09-20,29,19,4,17,26,35
2019-09-21,48,39,4,27,45,36
2019-09-22,68,43,4,34,66,53
2019-09-23,23,15,0,12,19,20
2019-09-24,12,13,1,16,17,17
2019-09-25,16,8,1,15,19,10
2019-09-26,23,20,3,11,21,22
2019-09-27,22,15,3,8,24,20
2019-09-28,48,31,2,39,69,40
2019-09-29,42,33,2,29,47,30
2019-09-30,11,14,1,10,27,17
2019-10-01,15,12,2,14,19,7
2019-10-02,19,15,0,14,16,17
2019-10-03,23,9,4,13,28,13
2019-10-04,32,20,3,22,27,19
2019-10-05,40,39,5,49,68,34
2019-10-06,51,41,4,42,69,50
2019-10-07,26,9,3,22,26,16
2019-10-08,24,16,2,22,34,14
2019-10-09,33,10,6,13,34,16
2019-10-10,33,17,7,33,29,28
2019-10-11,17,21,7,25,33,7
2019-10-12,75,42,6,46,67,44
2019-10-13,57,36,5,49,81,36
2019-10-14,18,13,2,20,31,21
2019-10-15,27,8,4,21,27,24
2019-10-16,33,12,11,22,35,31
2019-10-17,47,18,5,24,31,24
2019-10-18,49,30,4,19,46,32
2019-10-19,114,34,6,42,80,50
2019-10-20,85,38,11,43,100,43
2019-10-21,48,14,9,23,29,17
2019-10-22,24,7,3,16,19,9
2019-10-23,24,19,4,23,27,7
2019-10-24,36,12,8,15,39,8
2019-10-25,35,19,7,21,39,17
2019-10-26,85,28,16,41,70,22
2019-10-27,65,23,8,37,73,29
2019-10-28,43,21,0,19,32,5
2019-10-29,35,10,1,14,25,9
2019-10-30,42,4,6,21,20,12
2019-10-31,42,13,3,22,31,9
2019-11-01,127,27,15,39,97,37
2019-11-02,128,37,9,44,92,37
2019-11-03,79,19,11,37,67,28
2019-11-04,45,11,4,22,36,17
2019-11-05,33,7,5,9,22,12
2019-11-06,27,6,0,11,21,7
2019-11-07,37,8,4,14,19,10
2019-11-08,53,7,1,16,28,13
2019-11-09,103,14,15,29,58,23
2019-11-10,91,22,14,54,56,33
2019-11-11,36,6,7,13,27,14
2019-11-12,23,9,4,17,16,7
2019-11-13,39,6,4,23,23,17
2019-11-14,47,5,9,12,17,6
2019-11-15,54,6,2,13,27,14
2019-11-16,94,18,10,28,40,27
2019-11-17,89,15,17,34,44,25
2019-11-18,30,6,2,6,20,12
2019-11-19,36,13,2,18,11,15
2019-11-20,29,8,3,7,26,10
2019-11-21,41,14,3,13,17,14
2019-11-22,41,5,2,12,32,24
2019-11-23,80,17,6,28,58,40
2019-11-24,84,17,5,25,71,57
2019-11-25,30,6,5,7,24,13
2019-11-26,44,3,6,22,29,10
2019-11-27,43,1,1,8,15,9
2019-11-28,0,0,0,0,0,0
2019-11-29,0,0,0,0,0,0
2019-11-30,0,0,0,0,0,0
2019-12-01,0,0,0,0,0,0
2019-12-02,0,0,0,0,0,0
2019-12-03,26,6,2,11,21,21
2019-12-04,26,8,4,2,18,14
2019-12-05,36,4,2,10,28,2
2019-12-06,62,4,8,14,21,7
2019-12-07,92,13,7,15,38,24
2019-12-08,104,10,9,20,54,12
2019-12-09,67,9,3,15,29,12
2019-12-10,53,2,4,17,30,5
2019-12-11,76,7,5,12,32,12
2019-12-12,55,2,4,21,33,8
2019-12-13,63,7,5,18,48,9
2019-12-14,109,5,9,23,46,23
2019-12-15,122,14,9,18,64,8
2019-12-16,67,10,6,8,41,11
2019-12-17,58,4,3,13,18,16
2019-12-18,42,4,4,16,12,9
2019-12-19,77,4,1,9,25,6
2019-12-20,48,5,2,4,31,10
2019-12-21,83,4,1,8,31,11
2019-12-22,70,7,2,15,37,18
2019-12-23,81,5,1,13,38,9
2019-12-24,34,2,1,4,12,4
2019-12-25,0,0,0,0,0,0
2019-12-26,0,0,0,0,0,0
2019-12-27,47,5,2,13,29,11
2019-12-28,56,5,2,6,23,10
2019-12-29,52,6,2,15,27,12
2019-12-30,48,4,5,8,24,7
2019-12-31,19,2,1,11,18,2
2020-01-01,0,0,0,0,0,0
2020-01-02,30,3,0,5,16,1
2020-01-03,21,3,2,6,7,0
2020-01-04,40,3,2,5,8,0
2020-01-05,42,4,1,12,13,4
2020-01-06,29,7,1,4,11,1
2020-01-07,19,2,0,4,16,1
2020-01-08,8,3,0,2,8,0
2020-01-09,12,5,2,7,9,3
2020-01-10,21,7,0,8,10,1
2020-01-11,30,2,1,7,22,1
2020-01-12,31,2,0,12,16,4
2020-01-13,15,3,1,2,9,3
2020-01-14,6,8,2,3,5,1
2020-01-15,13,5,1,3,8,0
2020-01-16,5,2,1,3,6,1
2020-01-17,12,6,0,6,7,4
2020-01-18,34,8,2,8,30,3
2020-01-19,33,3,2,6,25,4
2020-01-20,10,6,1,10,7,3
2020-01-21,10,2,1,7,6,3
2020-01-22,8,6,0,5,8,2
2020-01-23,9,3,1,6,9,4
2020-01-24,8,6,2,8,4,0
2020-01-25,23,14,4,15,35,11
2020-01-26,21,6,0,8,20,5
2020-01-27,5,5,1,10,13,3
2020-01-28,4,4,0,7,4,5
2020-01-29,3,5,1,1,9,4
2020-01-30,10,4,0,6,13,0
2020-01-31,14,5,1,14,10,6
2020-02-01,36,12,5,20,28,13
2020-02-02,19,11,4,23,25,12
2020-02-03,10,8,0,6,10,2
2020-02-04,9,2,0,6,10,2
2020-02-05,12,8,3,6,5,2
2020-02-06,12,5,2,3,10,2
2020-02-07,24,8,0,10,18,5
2020-02-08,25,14,5,20,34,6
2020-02-09,24,13,3,18,18,14
2020-02-10,10,6,2,9,8,0
2020-02-11,8,7,2,10,7,4
2020-02-12,12,12,5,14,15,5
2020-02-13,14,5,0,9,7,7
2020-02-14,27,9,2,18,7,3
2020-02-15,40,27,6,27,20,14
2020-02-16,22,24,5,33,34,12
2020-02-17,6,6,0,18,4,6
2020-02-18,9,2,0,6,3,4
2020-02-19,16,18,3,11,9,7
2020-02-20,12,8,4,15,10,4
2020-02-21,11,11,0,12,22,9
2020-02-22,24,23,9,25,23,22
2020-02-23,9,9,0,13,17,16
2020-02-24,2,7,1,6,2,3
2020-02-25,4,2,1,7,5,0
2020-02-26,3,2,0,4,1,1
2020-02-27,7,10,0,2,5,2
2020-02-28,6,4,1,4,4,3
2020-02-29,0,0,0,0,0,0
2020-03-01,0,0,0,0,0,0
2020-03-02,3,6,1,8,7,3
2020-03-03,3,4,2,3,6,0
2020-03-04,4,8,2,3,8,5
2020-03-05,1,6,1,6,7,4
2020-03-06,7,7,0,9,15,9
2020-03-07,1,10,0,5,5,3
2020-03-08,0,0,0,0,0,0
2020-03-09,1,0,0,1,0,0
2020-03-10,0,0,0,0,0,0
2020-03-11,0,0,0,0,0,0
2020-03-12,0,0,0,0,0,0
2020-03-13,0,0,0,0,0,0
2020-03-14,0,0,0,0,0,0
2020-03-15,0,0,0,0,0,0
2020-03-16,0,0,0,0,0,0
2020-03-17,0,0,0,0,0,0
2020-03-18,0,0,0,0,0,0
2020-03-19,0,0,0,0,0,0
2020-03-20,0,0,0,0,0,0
2020-03-21,0,0,0,0,0,0
2020-03-22,0,0,0,0,0,0
2020-03-23,0,0,0,0,0,0
2020-03-24,0,0,0,0,0,0
2020-03-25,0,0,0,0,0,0
2020-03-26,0,0,0,0,0,0
2020-03-27,0,0,0,0,0,0
2020-03-28,0,0,0,0,0,0
2020-03-29,0,0,0,0,0,0
2020-03-30,0,0,0,0,0,0
2020-03-31,0,0,0,0,0,0
2020-04-01,0,0,0,0,0,0
2020-04-02,0,0,0,0,0,0
2020-04-03,0,0,0,0,0,0
2020-04-04,0,0,0,0,0,0
2020-04-05,0,0,0,0,0,0
2020-04-06,0,0,0,0,0,0
2020-04-07,0,0,0,0,0,0
2020-04-08,0,0,0,0,0,0
2020-04-09,0,0,0,0,0,0
2020-04-10,0,0,0,0,0,0
2020-04-11,0,0,0,0,0,0
2020-04-12,0,0,0,0,0,0
2020-04-13,0,0,0,0,0,0
2020-04-14,0,0,0,0,0,0
2020-04-15,0,0,0,0,0,0
2020-04-16,0,0,0,0,0,0
2020-04-17,0,0,0,0,0,0
2020-04-18,0,0,0,0,0,0
2020-04-19,0,0,0,0,0,0
2020-04-20,0,0,0,0,0,0
2020-04-21,0,0,0,0,0,0
2020-04-22,0,0,0,0,0,0
2020-04-23,0,0,0,0,0,0
2020-04-24,0,0,0,0,0,0
2020-04-25,0,0,0,0,0,0
2020-04-26,0,0,0,0,0,0
2020-04-27,0,0,0,0,0,0
2020-04-28,0,0,0,0,0,0
2020-04-29,0,0,0,0,0,0
2020-04-30,0,0,0,0,0,0
2020-05-01,0,0,0,0,0,0
2020-05-02,0,0,0,0,0,0
2020-05-03,0,0,0,0,0,0
2020-05-04,0,0,0,0,0,0
2020-05-05,0,0,0,0,0,0
2020-05-06,0,0,0,0,0,0
2020-05-07,0,0,0,0,0,0
2020-05-08,0,0,0,0,0,0
2020-05-09,0,0,0,0,0,0
2020-05-10,0,0,0,0,0,0
2020-05-11,0,0,0,0,0,0
2020-05-12,0,0,0,0,0,0
2020-05-13,0,0,0,0,0,0
2020-05-14,0,0,0,0,0,0
2020-05-15,0,0,0,0,0,0
2020-05-16,0,0,0,0,0,0
2020-05-17,0,0,0,0,0,0
2020-05-18,5,5,0,7,3,1
2020-05-19,0,1,0,2,1,1
2020-05-20,8,7,2,8,3,1
2020-05-21,16,16,3,11,3,0
2020-05-22,6,9,2,3,6,1
2020-05-23,16,10,3,1,7,0
2020-05-24,11,17,2,25,3,1
2020-05-25,10,10,2,2,2,0
2020-05-26,9,3,2,5,2,3
2020-05-27,11,6,0,10,4,3
2020-05-28,10,13,2,10,5,0
2020-05-29,8,12,1,17,7,0
2020-05-30,15,14,7,35,8,0
2020-05-31,16,19,6,22,11,0
2020-06-01,13,26,5,29,12,3
2020-06-02,9,14,2,15,4,4
2020-06-03,14,19,2,12,4,2
2020-06-04,22,11,0,8,5,2
2020-06-05,13,17,1,27,4,1
2020-06-06,30,18,2,18,19,1
2020-06-07,16,23,9,15,9,3
2020-06-08,17,16,0,18,4,1
2020-06-09,8,15,2,9,6,2
2020-06-10,15,14,0,28,7,3
2020-06-11,20,32,3,22,8,4
2020-06-12,26,17,3,15,7,4
2020-06-13,33,27,7,52,4,8
2020-06-14,31,40,3,39,14,4
2020-06-15,13,18,1,31,10,4
2020-06-16,16,21,2,23,5,0
2020-06-17,25,16,0,28,8,2
2020-06-18,21,21,0,27,9,7
2020-06-19,17,23,0,29,9,3
2020-06-20,32,18,0,41,16,5
2020-06-21,18,48,5,46,15,1
2020-06-22,7,19,2,18,12,5
2020-06-23,14,15,1,19,4,1
2020-06-24,18,16,1,26,14,1
2020-06-25,16,24,2,19,8,1
2020-06-26,15,15,2,21,9,2
2020-06-27,13,39,4,24,16,2
2020-06-28,14,31,1,31,11,0
2020-06-29,12,21,0,16,13,0
2020-06-30,11,24,1,22,13,2
2020-07-01,18,8,6,3,12,0
2020-07-02,12,8,2,5,13,1
2020-07-03,5,5,0,11,11,1
2020-07-04,16,9,1,19,15,1
2020-07-05,10,7,2,4,14,0
2020-07-06,10,3,1,6,6,1
2020-07-07,9,5,4,7,3,0
2020-07-08,2,8,4,3,6,1
2020-07-09,7,6,5,2,7,0
2020-07-10,6,10,1,9,12,1
2020-07-11,21,19,5,14,24,1
2020-07-12,17,8,6,10,18,0
2020-07-13,8,9,1,8,9,0
2020-07-14,8,15,0,9,9,1
2020-07-15,21,33,6,20,12,1
2020-07-16,21,21,3,17,14,2
2020-07-17,12,25,1,13,2,1
2020-07-18,24,26,9,18,27,0
2020-07-19,21,9,1,16,20,0
2020-07-20,8,15,3,9,12,0
2020-07-21,11,13,6,17,14,2
2020-07-22,22,16,2,20,15,0
2020-07-23,5,8,1,13,8,0
2020-07-24,10,13,3,13,14,2
2020-07-25,15,33,6,17,24,1
2020-07-26,24,21,11,22,22,0
2020-07-27,17,15,7,9,11,0
2020-07-28,3,11,3,16,12,0
2020-07-29,6,26,5,12,16,1
2020-07-30,7,6,3,8,11,0
2020-07-31,14,9,5,14,15,2
2020-08-01,18,28,14,28,34,1
2020-08-02,19,22,11,31,36,3
2020-08-03,5,13,1,15,25,1
2020-08-04,10,9,2,8,14,0
2020-08-05,12,30,3,16,16,3
2020-08-06,17,14,1,18,21,1
2020-08-07,12,12,3,9,32,3
2020-08-08,11,21,6,12,36,3
2020-08-09,13,19,1,16,23,3
2020-08-10,17,13,3,14,25,3
2020-08-11,7,15,2,15,25,4
2020-08-12,15,18,1,10,19,2
2020-08-13,21,12,8,14,24,5
2020-08-14,5,10,2,8,10,3
2020-08-15,7,4,1,2,5,2
2020-08-16,13,18,8,12,16,0
2020-08-17,9,20,2,15,12,2
2020-08-18,7,14,7,6,11,2
2020-08-19,16,14,4,17,16,5
2020-08-20,9,5,2,8,18,4
2020-08-21,8,11,4,3,17,5
2020-08-22,10,6,3,7,24,5
2020-08-23,9,12,7,6,14,3
2020-08-24,7,9,2,4,11,3
2020-08-25,10,12,3,7,24,5
2020-08-26,13,14,6,14,13,3
2020-08-27,10,19,3,10,19,8
2020-08-28,10,15,6,11,18,6
2020-08-29,17,29,11,18,41,19
2020-08-30,12,27,10,27,24,15
2020-08-31,9,18,6,12,28,19
2020-09-01,6,11,3,8,11,11
2020-09-02,12,15,3,15,21,15
2020-09-03,17,13,7,21,18,10
2020-09-04,6,21,7,13,15,10
2020-09-05,16,31,10,16,15,14
2020-09-06,20,30,9,27,22,20
2020-09-07,14,12,5,13,7,9
2020-09-08,14,13,4,17,13,14
2020-09-09,19,6,2,13,17,11
2020-09-10,17,11,8,22,14,13
2020-09-11,17,18,2,18,14,12
2020-09-12,31,39,4,32,38,28
2020-09-13,30,45,6,37,33,17
2020-09-14,6,20,1,11,16,11
2020-09-15,9,17,6,12,19,10
2020-09-16,7,14,8,10,21,9
2020-09-17,12,22,8,10,8,14
2020-09-18,5,21,4,9,12,8
2020-09-19,28,29,15,33,32,27
2020-09-20,27,30,11,27,38,26
2020-09-21,15,31,9,16,17,13
2020-09-22,14,21,13,11,25,24
2020-09-23,16,11,5,12,27,27
2020-09-24,19,18,6,16,27,19
2020-09-25,23,22,5,20,36,31
2020-09-26,35,33,15,23,58,34
2020-09-27,36,26,10,23,67,32
2020-09-28,27,17,6,11,23,24
2020-09-29,24,29,8,19,17,22
2020-09-30,42,24,7,15,19,21
2020-10-01,41,19,4,15,24,22
2020-10-02,35,14,5,16,23,21
2020-10-03,75,23,12,37,60,40
2020-10-04,70,34,11,22,45,36
2020-10-05,41,13,5,23,26,26
2020-10-06,36,9,4,14,24,11
2020-10-07,16,11,5,10,27,18
2020-10-08,32,15,7,23,27,17
2020-10-09,38,15,5,22,27,16
2020-10-10,107,26,24,40,60,50
2020-10-11,55,26,16,25,59,34
2020-10-12,24,7,6,18,20,12
2020-10-13,24,12,8,20,21,16
2020-10-14,32,13,15,13,25,20
2020-10-15,32,13,2,15,14,8
2020-10-16,50,18,10,21,24,20
2020-10-17,79,19,7,21,33,21
2020-10-18,51,12,9,22,24,29
2020-10-19,39,5,6,13,27,12
2020-10-20,25,7,7,20,18,16
2020-10-21,40,2,7,9,8,12
2020-10-22,33,6,5,12,22,16
2020-10-23,56,12,5,19,35,12
2020-10-24,0,0,0,0,0,0
2020-10-25,0,0,0,0,0,0
2020-10-26,35,0,6,10,10,6
2020-10-27,25,0,1,5,15,6
2020-10-28,15,0,4,4,11,7
2020-10-29,24,0,1,9,13,5
2020-10-30,41,0,4,9,12,5
2020-10-31,0,0,0,0,0,0
2020-11-01,0,0,0,0,0,0
2020-11-02,56,0,6,4,13,12
2020-11-03,28,0,4,7,10,12
2020-11-04,32,0,3,8,6,9
2020-11-05,33,0,2,8,8,4
2020-11-06,0,0,0,0,0,0
2020-11-07,0,0,0,0,0,0
2020-11-08,0,0,0,0,0,0
2020-11-09,0,0,0,0,0,0
2020-11-10,0,0,0,0,0,0
2020-11-11,0,0,0,0,0,0
2020-11-12,0,0,0,0,0,0
2020-11-13,0,0,0,0,0,0
2020-11-14,0,0,0,0,0,0
2020-11-15,0,0,0,0,0,0
2020-11-16,0,0,0,0,0,0
2020-11-17,0,0,0,0,0,0
2020-11-18,0,0,0,0,0,0
2020-11-19,0,0,0,0,0,0
2020-11-20,0,0,0,0,0,0
2020-11-21,0,0,0,0,0,0
2020-11-22,0,0,0,0,0,0
2020-11-23,0,0,0,0,0,0
2020-11-24,0,0,0,0,0,0
2020-11-25,0,0,0,0,0,0
2020-11-26,0,0,0,0,0,0
2020-11-27,0,0,0,0,0,0
2020-11-28,0,0,0,0,0,0
2020-11-29,0,0,0,0,0,0
2020-11-30,0,0,0,0,0,0
2020-12-01,0,0,0,0,0,0
2020-12-02,0,0,0,0,0,0
2020-12-03,0,0,0,0,0,0
2020-12-04,0,0,0,0,0,0
2020-12-05,0,0,0,0,0,0
2020-12-06,0,0,0,0,0,0
2020-12-07,0,0,0,0,0,0
2020-12-08,0,0,0,0,0,0
2020-12-09,59,0,3,13,5,10
2020-12-10,30,3,5,10,6,13
2020-12-11,94,4,7,14,2,11
2020-12-12,0,0,0,0,0,0
2020-12-13,0,0,0,0,0,0
2020-12-14,79,2,9,15,6,18
2020-12-15,5,1,0,0,0,0
2020-12-16,3,0,0,0,0,0
2020-12-17,0,0,0,0,0,1
2020-12-18,0,0,0,1,0,0
2020-12-19,0,0,0,0,0,0
2020-12-20,0,0,0,0,0,0
2020-12-21,1,0,0,1,0,0
2020-12-22,1,0,0,0,0,0
2020-12-23,4,1,0,0,0,0
2020-12-24,0,0,0,0,0,0
2020-12-25,0,0,0,0,0,0
2020-12-26,0,0,0,0,0,0
2020-12-27,0,0,0,0,0,0
2020-12-28,0,0,0,0,0,0
2020-12-29,3,0,0,0,0,0
2020-12-30,1,0,0,2,0,0
